id;nome;uf;populacao;pib;estado_id;codigo_ibg;OID_;MUNICIPIO;UF_1;MUNICIPI_1;UF_12
2639;Fagundes;PB;11405;48738;15;2506103;161;Aparecida;PB;Fagundes;PB
2640;Frei Martinho;PB;2933;14291;15;2506202;161;Aparecida;PB;Frei Martinho;PB
2641;Gado Bravo;PB;8376;35814;15;2506251;161;Aparecida;PB;Gado Bravo;PB
2648;Ing├í;PB;18180;85951;15;2506806;161;Aparecida;PB;Ing├í;PB
2649;Itabaiana;PB;24481;132605;15;2506905;161;Aparecida;PB;Itabaiana;PB
2652;Itatuba;PB;10201;58422;15;2507200;161;Aparecida;PB;Itatuba;PB
3773;Olho-d'├ügua do Borges;RN;4295;21282;20;2408409;274;├ügua Nova;RN;Olho-d'├ügua do Borges;RN
2834;Condado;PE;24282;118233;16;2604601;0;Araripina;PE;Condado;PB
2654;Jeric├│;PB;7538;35694;15;2507408;161;Aparecida;PB;Jeric├│;PB
2597;Brejo dos Santos;PB;6198;27650;15;2502904;161;Aparecida;PB;Brejo dos Santos;PB
2675;Massaranduba;PB;12902;55359;15;2509206;161;Aparecida;PB;Massaranduba;PB
2678;Mato Grosso;PB;2702;12389;15;2509370;161;Aparecida;PB;Mato Grosso;PB
2873;Jata├║ba;PE;15819;72428;16;2608008;0;Araripina;PE;Jata├║ba;PE
2875;Jo├úo Alfredo;PE;30743;138728;16;2608107;0;Araripina;PE;Jo├úo Alfredo;PE
2693;Parari;PB;1256;9583;15;2510659;161;Aparecida;PB;Parari;PB
2691;Olivedos;PB;3627;17279;15;2510501;161;Aparecida;PB;Olivedos;PB
2792;Altinho;PE;22353;93535;16;2600807;0;Araripina;PE;Altinho;PE
2823;Canhotinho;PE;24521;106260;16;2603702;0;Araripina;PE;Canhotinho;PE
2683;Monteiro;PB;30852;189702;15;2509701;161;Aparecida;PB;Monteiro;PB
2685;Natuba;PB;10566;47864;15;2509909;161;Aparecida;PB;Natuba;PB
2686;Nazarezinho;PB;7280;32073;15;2510006;161;Aparecida;PB;Nazarezinho;PB
2590;Boa Vista;PB;6227;89887;15;2502151;161;Aparecida;PB;Boa Vista;PB
2591;Bom Jesus;PB;2400;11185;15;2502201;161;Aparecida;PB;Bom Jesus;PB
2689;Nova Palmeira;PB;4361;21062;15;2510303;161;Aparecida;PB;Nova Palmeira;PB
2695;Patos;PB;100674;692747;15;2510808;161;Aparecida;PB;Patos;PB
2696;Paulista;PB;11788;59256;15;2510907;161;Aparecida;PB;Paulista;PB
2698;Pedra Lavrada;PB;7475;34256;15;2511103;161;Aparecida;PB;Pedra Lavrada;PB
2882;Lagoa do Ouro;PE;12132;54491;16;2608602;0;Araripina;PE;Lagoa do Ouro;PE
3719;Equador;RN;5822;37054;20;2403400;274;├ügua Nova;RN;Equador;RN
2824;Capoeiras;PE;19593;92597;16;2603801;0;Araripina;PE;Capoeiras;PE
2883;Lagoa dos Gatos;PE;15615;65618;16;2608701;0;Araripina;PE;Lagoa dos Gatos;PE
2825;Carna├¡ba;PE;18574;73444;16;2603900;0;Araripina;PE;Carna├¡ba;PE
2655;Jo├úo Pessoa;PB;723515;9805587;15;2507507;161;Aparecida;PB;Jo├úo Pessoa;PB
3722;Felipe Guerra;RN;5734;59098;20;2403707;274;├ügua Nova;RN;Felipe Guerra;RN
2826;Carnaubeira da Penha;PE;11782;48221;16;2603926;0;Araripina;PE;Carnaubeira da Penha;PE
2838;Cupira;PE;23390;114992;16;2605004;0;Araripina;PE;Cupira;PE
627;Alto Santo;CE;16359;77096;6;2300705;39;Abaiara;CE;Alto Santo;CE
620;Abaiara;CE;10496;35974;6;2300101;39;Abaiara;CE;Abaiara;CE
2599;Cabaceiras;PB;5035;25104;15;2503100;161;Aparecida;PB;Cabaceiras;PB
2702;Picu├¡;PB;18222;84547;15;2511400;161;Aparecida;PB;Picu├¡;PB
2703;Pilar;PB;11191;49084;15;2511509;161;Aparecida;PB;Pilar;PB
3723;Fernando Pedroza;RN;2854;14967;20;2403756;274;├ügua Nova;RN;Fernando Pedroza;RN
690;Horizonte;CE;55187;995679;6;2305233;39;Abaiara;CE;Horizonte;CE
2708;Pocinhos;PB;17032;76516;15;2512002;161;Aparecida;PB;Pocinhos;PB
3830;Serrinha dos Pintos;RN;4540;20458;20;2413557;274;├ügua Nova;RN;Serrinha dos Pintos;RN
2779;Umbuzeiro;PB;9298;42430;15;2517001;161;Aparecida;PB;Umbuzeiro;PB
2709;Po├ºo Dantas;PB;3751;15157;15;2512036;161;Aparecida;PB;Po├ºo Dantas;PB
2710;Po├ºo de Jos├® de Moura;PB;3978;19170;15;2512077;161;Aparecida;PB;Po├ºo de Jos├® de Moura;PB
714;Jaguaruana;CE;32236;238068;6;2307007;39;Abaiara;CE;Jaguaruana;CE
2952;Taquaritinga do Norte;PE;24903;116456;16;2615003;0;Araripina;PE;Taquaritinga do Norte;PE
3755;Lajes;RN;10381;52056;20;2406700;274;├ügua Nova;RN;Lajes;RN
2842;Exu;PE;31636;155144;16;2605301;0;Araripina;PE;Exu;PE
2953;Terezinha;PE;6737;32115;16;2615102;0;Araripina;PE;Terezinha;PE
2853;Granito;PE;6855;39731;16;2606309;0;Araripina;PE;Granito;PE
2854;Gravat├í;PE;76458;473161;16;2606408;0;Araripina;PE;Gravat├í;PE
2962;Venturosa;PE;16052;90988;16;2616001;0;Araripina;PE;Venturosa;PE
2711;Pombal;PB;32110;183903;15;2512101;161;Aparecida;PB;Pombal;PB
2712;Prata;PB;3854;19344;15;2512200;161;Aparecida;PB;Prata;PB
2714;Puxinan├ú;PB;12923;61014;15;2512408;161;Aparecida;PB;Puxinan├ú;PB
2715;Queimadas;PB;41049;223018;15;2512507;161;Aparecida;PB;Queimadas;PB
2736;Santo Andr├®;PB;2638;13540;15;2513851;161;Aparecida;PB;Santo Andr├®;PB
2724;Salgadinho;PB;3508;14478;15;2513000;161;Aparecida;PB;Salgadinho;PE
2682;Monte Horebe;PB;4508;19756;15;2509602;161;Aparecida;PB;Monte Horebe;PB
2725;Salgado de S├úo F├®lix;PB;11976;46913;15;2513109;161;Aparecida;PB;Salgado de S├úo F├®lix;PB
2726;Santa Cec├¡lia;PB;6658;29760;15;2513158;161;Aparecida;PB;Santa Cec├¡lia;PB
2727;Santa Cruz;PB;6471;29600;15;2513208;161;Aparecida;PB;Santa Cruz;PB
3840;Timba├║ba dos Batistas;RN;2295;13534;20;2414308;274;├ügua Nova;RN;Timba├║ba dos Batistas;RN
2728;Santa Helena;PB;5369;24826;15;2513307;161;Aparecida;PB;Santa Helena;PB
3833;Taboleiro Grande;RN;2317;13033;20;2413805;274;├ügua Nova;RN;Taboleiro Grande;RN
2923;Salo├í;PE;15309;70466;16;2612307;0;Araripina;PE;Salo├í;PE
2730;Santa Luzia;PB;14719;77079;15;2513406;161;Aparecida;PB;Santa Luzia;PB
2722;Riacho dos Cavalos;PB;8314;34144;15;2512804;161;Aparecida;PB;Riacho dos Cavalos;PB
2734;Santa Rita;PB;120310;1246777;15;2513703;161;Aparecida;PB;Santa Rita;PB
2959;Triunfo;PE;15006;69200;16;2615706;0;Araripina;PE;Triunfo;PE
3715;Cruzeta;RN;7967;54074;20;2403004;274;├ügua Nova;RN;Cruzeta;RN
2737;S├úo Bentinho;PB;4138;20543;15;2513927;161;Aparecida;PB;S├úo Bentinho;PB
2738;S├úo Bento;PB;30879;192796;15;2513901;161;Aparecida;PB;S├úo Bento;PB
3836;Tenente Ananias;RN;9883;46355;20;2414100;274;├ügua Nova;RN;Tenente Ananias;RN
2743;S├úo Jo├úo do Rio do Peixe;PB;18201;82474;15;2500700;161;Aparecida;PB;S├úo Jo├úo do Rio do Peixe;PB
3687;Alexandria;RN;13507;66759;20;2400505;274;├ügua Nova;RN;Alexandria;RN
2741;S├úo Francisco;PB;3364;16246;15;2513984;161;Aparecida;PB;S├úo Francisco;PB
2744;S├úo Jo├úo do Tigre;PB;4396;18885;15;2514107;161;Aparecida;PB;S├úo Jo├úo do Tigre;PB
3689;Alto do Rodrigues;RN;12305;187828;20;2400703;274;├ügua Nova;RN;Alto do Rodrigues;RN
2745;S├úo Jos├® da Lagoa Tapada;PB;7564;33039;15;2514206;161;Aparecida;PB;S├úo Jos├® da Lagoa Tapada;PB
3692;Apodi;RN;34763;292845;20;2401008;274;├ügua Nova;RN;Apodi;RN
2747;S├úo Jos├® de Espinharas;PB;4760;26110;15;2514404;161;Aparecida;PB;S├úo Jos├® de Espinharas;PB
3690;Angicos;RN;11549;69145;20;2400802;274;├ügua Nova;RN;Angicos;RN
3691;Ant├┤nio Martins;RN;6907;31809;20;2400901;274;├ügua Nova;RN;Ant├┤nio Martins;RN
2748;S├úo Jos├® de Piranhas;PB;19096;94357;15;2514503;161;Aparecida;PB;S├úo Jos├® de Piranhas;PB
2755;S├úo Mamede;PB;7748;38552;15;2514909;161;Aparecida;PB;S├úo Mamede;PB
2756;S├úo Miguel de Taipu;PB;6696;27746;15;2515005;161;Aparecida;PB;S├úo Miguel de Taipu;PB
2754;S├úo Jos├® dos Ramos;PB;5508;23919;15;2514453;161;Aparecida;PB;S├úo Jos├® dos Ramos;PB
3831;Severiano Melo;RN;5752;29641;20;2413607;274;├ügua Nova;RN;Severiano Melo;RN
2758;S├úo Sebasti├úo do Umbuzeiro;PB;3235;15782;15;2515203;161;Aparecida;PB;S├úo Sebasti├úo do Umbuzeiro;PB
2759;Sap├®;PB;50143;262173;15;2515302;161;Aparecida;PB;Sap├®;PB
2931;Santa Terezinha;PE;10991;42542;16;2612802;0;Araripina;PE;Santa Terezinha;PE
3693;Areia Branca;RN;25315;455959;20;2401107;274;├ügua Nova;RN;Areia Branca;RN
3714;Coronel Jo├úo Pessoa;RN;4772;23010;20;2402907;274;├ügua Nova;RN;Coronel Jo├úo Pessoa;RN
2760;Serid├│;PB;10230;38301;15;2515401;161;Aparecida;PB;Serid├│;PB
2761;Serra Branca;PB;12973;67053;15;2515500;161;Aparecida;PB;Serra Branca;PB
2769;Soledade;PB;13739;75343;15;2516102;161;Aparecida;PB;Soledade;PB
3705;Caic├│;RN;62709;548174;20;2402006;274;├ügua Nova;RN;Caic├│;RN
2721;Riacho de Santo Ant├┤nio;PB;1722;10803;15;2512788;161;Aparecida;PB;Riacho de Santo Ant├┤nio;PB
2739;S├úo Domingos;PB;2855;14641;15;2513968;161;Aparecida;PB;S├úo Domingos;PB
3708;Cara├║bas;RN;19576;169582;20;2402303;274;├ügua Nova;RN;Cara├║bas;PB
3709;Carna├║ba dos Dantas;RN;7429;40943;20;2402402;274;├ügua Nova;RN;Carna├║ba dos Dantas;RN
3710;Carnaubais;RN;9762;77275;20;2402501;274;├ügua Nova;RN;Carnaubais;RN
2742;S├úo Jo├úo do Cariri;PB;4344;22834;15;2514008;161;Aparecida;PB;S├úo Jo├úo do Cariri;PB
3827;Serra do Mel;RN;10287;63637;20;2413359;274;├ügua Nova;RN;Serra do Mel;RN
3746;Jo├úo Dias;RN;2601;12597;20;2405900;274;├ügua Nova;RN;Jo├úo Dias;RN
3747;Jos├® da Penha;RN;5868;30727;20;2406007;274;├ügua Nova;RN;Jos├® da Penha;RN
3828;Serra Negra do Norte;RN;7770;40279;20;2413409;274;├ügua Nova;RN;Serra Negra do Norte;RN
2751;S├úo Jos├® do Brejo do Cruz;PB;1684;9936;15;2514651;161;Aparecida;PB;S├úo Jos├® do Brejo do Cruz;PB
3774;Ouro Branco;RN;4699;29055;20;2408508;274;├ügua Nova;RN;Ouro Branco;RN
3765;Messias Targino;RN;4188;26614;20;2407609;274;├ügua Nova;RN;Messias Targino;RN
2752;S├úo Jos├® do Sabugi;PB;4010;20530;15;2514701;161;Aparecida;PB;S├úo Jos├® do Sabugi;PB
3775;Paran├í;RN;3952;18859;20;2408607;274;├ügua Nova;RN;Paran├í;RN
2753;S├úo Jos├® dos Cordeiros;PB;3985;16958;15;2514800;161;Aparecida;PB;S├úo Jos├® dos Cordeiros;PB
2764;Serra Redonda;PB;7050;36474;15;2515807;161;Aparecida;PB;Serra Redonda;PB
3776;Para├║;RN;3859;16929;20;2408706;274;├ügua Nova;RN;Para├║;RN
3769;Mossor├│;RN;259815;3496776;20;2408003;274;├ügua Nova;RN;Mossor├│;RN
3838;Tibau;RN;3687;32908;20;2411056;274;├ügua Nova;RN;Tibau;RN
2818;Cal├ºado;PE;11125;55976;16;2603306;0;Araripina;PE;Cal├ºado;PE
2620;Condado;PB;6584;34732;15;2504504;161;Aparecida;PB;Condado;PB
2781;Vieir├│polis;PB;5045;19722;15;2517209;161;Aparecida;PB;Vieir├│polis;PB
2935;S├úo Jo├úo;PE;21312;103706;16;2613206;0;Araripina;PE;S├úo Jo├úo;PE
3823;S├úo Vicente;RN;6028;27951;20;2413003;274;├ügua Nova;RN;S├úo Vicente;RN
3799;Riachuelo;RN;7067;33405;20;2410900;274;├ügua Nova;RN;Riachuelo;RN
3842;Triunfo Potiguar;RN;3368;17747;20;2414456;274;├ügua Nova;RN;Triunfo Potiguar;RN
3843;Umarizal;RN;10659;62298;20;2414506;274;├ügua Nova;RN;Umarizal;RN
3844;Upanema;RN;12992;89781;20;2414605;274;├ügua Nova;RN;Upanema;RN
3845;V├írzea;RN;5236;26155;20;2414704;274;├ügua Nova;RN;V├írzea;PB
3846;Venha-Ver;RN;3821;17118;20;2414753;274;├ügua Nova;RN;Venha-Ver;RN
3848;Vi├ºosa;RN;1618;9000;20;2414902;274;├ügua Nova;RN;Vi├ºosa;RN
3837;Tenente Laurentino Cruz;RN;5406;27868;20;2414159;274;├ügua Nova;RN;Tenente Laurentino Cruz;RN
2819;Calumbi;PE;5648;24667;16;2603405;0;Araripina;PE;Calumbi;PE
2817;Caet├®s;PE;26577;105518;16;2603207;0;Araripina;PE;Caet├®s;PE
3726;Frutuoso Gomes;RN;4233;21606;20;2404002;274;├ügua Nova;RN;Frutuoso Gomes;RN
3730;Grossos;RN;9393;119019;20;2404408;274;├ügua Nova;RN;Grossos;RN
3724;Flor├ónia;RN;8959;45332;20;2403806;274;├ügua Nova;RN;Flor├ónia;RN
2661;Lagoa;PB;4681;22664;15;2508109;161;Aparecida;PB;Lagoa;PB
3716;Currais Novos;RN;42652;338680;20;2403103;274;├ügua Nova;RN;Currais Novos;RN
3718;Encanto;RN;5231;24973;20;2403301;274;├ügua Nova;RN;Encanto;RN
3744;Jardim do Serid├│;RN;12113;70799;20;2405702;274;├ügua Nova;RN;Jardim do Serid├│;RN
3748;Jucurutu;RN;17692;104194;20;2406106;274;├ügua Nova;RN;Jucurutu;RN
3753;Lagoa Nova;RN;13983;64893;20;2406502;274;├ügua Nova;RN;Lagoa Nova;RN
3760;Macau;RN;28954;454248;20;2407203;274;├ügua Nova;RN;Macau;RN
3762;Marcelino Vieira;RN;8265;42046;20;2407302;274;├ügua Nova;RN;Marcelino Vieira;RN
3763;Martins;RN;8218;37567;20;2407401;274;├ügua Nova;RN;Martins;RN
3805;Santana do Matos;RN;13809;66841;20;2411403;274;├ügua Nova;RN;Santana do Matos;RN
3810;S├úo Fernando;RN;3401;34092;20;2411809;274;├ügua Nova;RN;S├úo Fernando;RN
3811;S├úo Francisco do Oeste;RN;3874;19839;20;2411908;274;├ügua Nova;RN;S├úo Francisco do Oeste;RN
3812;S├úo Gon├ºalo do Amarante;RN;87668;953855;20;2412005;274;├ügua Nova;RN;S├úo Gon├ºalo do Amarante;CE
3813;S├úo Jo├úo do Sabugi;RN;5922;35384;20;2412104;274;├ügua Nova;RN;S├úo Jo├úo do Sabugi;RN
2771;Sousa;PB;65803;586365;15;2516201;161;Aparecida;PB;Sousa;PB
3733;Ipangua├ºu;RN;13856;87684;20;2404705;274;├ügua Nova;RN;Ipangua├ºu;RN
2821;Camocim de S├úo F├®lix;PE;17104;91817;16;2603504;0;Araripina;PE;Camocim de S├úo F├®lix;PE
3735;Itaj├í;RN;6932;52790;20;2404853;274;├ügua Nova;RN;Itaj├í;RN
3725;Francisco Dantas;RN;2874;15821;20;2403905;274;├ügua Nova;RN;Francisco Dantas;RN
3729;Governador Dix-Sept Rosado;RN;12374;142763;20;2404309;274;├ügua Nova;RN;Governador Dix-Sept Rosado;RN
2692;Ouro Velho;PB;2928;14955;15;2510600;161;Aparecida;PB;Ouro Velho;PB
2656;Juarez T├ívora;PB;7459;30582;15;2507606;161;Aparecida;PB;Juarez T├ívora;PB
3739;Jandu├¡s;RN;5345;28893;20;2405207;274;├ügua Nova;RN;Jandu├¡s;RN
2657;Juazeirinho;PB;16776;74857;15;2507705;161;Aparecida;PB;Juazeirinho;PB
2658;Junco do Serid├│;PB;6643;28343;15;2507804;161;Aparecida;PB;Junco do Serid├│;PB
2659;Juripiranga;PB;10237;54178;15;2507903;161;Aparecida;PB;Juripiranga;PB
2664;Lastro;PB;2841;14276;15;2508406;161;Aparecida;PB;Lastro;PB
2665;Livramento;PB;7164;30907;15;2508505;161;Aparecida;PB;Livramento;PB
3742;Jardim de Angicos;RN;2607;14136;20;2405504;274;├ügua Nova;RN;Jardim de Angicos;RN
2594;Boqueir├úo;PB;16888;105054;15;2502508;161;Aparecida;PB;Boqueir├úo;PB
2669;Malta;PB;5613;25455;15;2508802;161;Aparecida;PB;Malta;PB
3734;Ipueira;RN;2077;14429;20;2404804;274;├ügua Nova;RN;Ipueira;RN
3736;Ita├║;RN;5564;31158;20;2404903;274;├ügua Nova;RN;Ita├║;RN
2596;Brejo do Cruz;PB;13123;57812;15;2502805;161;Aparecida;PB;Brejo do Cruz;PB
2575;Areia de Bara├║nas;PB;1927;9611;15;2501153;161;Aparecida;PB;Areia de Bara├║nas;PB
2578;Assun├º├úo;PB;3522;17848;15;2501351;161;Aparecida;PB;Assun├º├úo;PB
2581;Bara├║na;PB;4220;19034;15;2501534;161;Aparecida;PB;Bara├║na;RN
2680;Mogeiro;PB;12491;62262;15;2509404;161;Aparecida;PB;Mogeiro;PB
2704;Pil├Áes;PB;6978;34066;15;2511608;161;Aparecida;PB;Pil├Áes;RN
2694;Passagem;PB;2233;13378;15;2510709;161;Aparecida;PB;Passagem;PB
2719;Riach├úo do Bacamarte;PB;4264;20663;15;2512754;161;Aparecida;PB;Riach├úo do Bacamarte;PB
2720;Riach├úo do Po├ºo;PB;4164;20829;15;2512762;161;Aparecida;PB;Riach├úo do Po├ºo;PB
2601;Cachoeira dos ├ìndios;PB;9546;47126;15;2503308;161;Aparecida;PB;Cachoeira dos ├ìndios;PB
3695;Augusto Severo;RN;9289;45248;20;2401305;274;├ügua Nova;RN;Augusto Severo;RN
2606;Cajazeiras;PB;58446;461767;15;2503704;161;Aparecida;PB;Cajazeiras;PB
2608;Caldas Brand├úo;PB;5637;27843;15;2503803;161;Aparecida;PB;Caldas Brand├úo;PB
2862;Ingazeira;PE;4496;21808;16;2607109;0;Araripina;PE;Ingazeira;PE
2609;Camala├║;PB;5749;26379;15;2503902;161;Aparecida;PB;Camala├║;PB
2618;Caturit├®;PB;4543;35912;15;2504355;161;Aparecida;PB;Caturit├®;PB
3697;Bara├║na;RN;24182;207111;20;2401453;274;├ügua Nova;RN;Bara├║na;RN
2565;Alagoinha;PB;13576;55240;15;2500502;161;Aparecida;PB;Alagoinha;PE
2767;Sobrado;PB;7373;34320;15;2515971;161;Aparecida;PB;Sobrado;PB
2566;Alcantil;PB;5239;25167;15;2500536;161;Aparecida;PB;Alcantil;PB
2569;Amparo;PB;2088;10312;15;2500734;161;Aparecida;PB;Amparo;PB
2570;Aparecida;PB;7676;34357;15;2500775;161;Aparecida;PB;Aparecida;PB
3701;Bom Jesus;RN;9440;46809;20;2401701;274;├ügua Nova;RN;Bom Jesus;PB
3702;Brejinho;RN;11577;60567;20;2401800;274;├ügua Nova;RN;Brejinho;PE
2622;Congo;PB;4687;29041;15;2504702;161;Aparecida;PB;Congo;PB
3757;Lucr├®cia;RN;3633;18137;20;2406908;274;├ügua Nova;RN;Lucr├®cia;RN
2625;Cruz do Esp├¡rito Santo;PB;16257;84952;15;2504900;161;Aparecida;PB;Cruz do Esp├¡rito Santo;PB
2626;Cubati;PB;6866;29356;15;2505006;161;Aparecida;PB;Cubati;PB
2782;Vista Serrana;PB;3512;15085;15;2505501;161;Aparecida;PB;Vista Serrana;PB
2783;Zabel├¬;PB;2075;10369;15;2517407;161;Aparecida;PB;Zabel├¬;PB
2592;Bom Sucesso;PB;5035;23151;15;2502300;161;Aparecida;PB;Bom Sucesso;PB
2593;Bonito de Santa F├®;PB;10804;47127;15;2502409;161;Aparecida;PB;Bonito de Santa F├®;PB
2787;Agrestina;PE;22679;125572;16;2600302;0;Araripina;PE;Agrestina;PE
2789;├üguas Belas;PE;40235;178224;16;2600500;0;Araripina;PE;├üguas Belas;PE
2794;Angelim;PE;10202;42085;16;2601003;0;Araripina;PE;Angelim;PE
2796;Araripina;PE;77302;413682;16;2601102;0;Araripina;PE;Araripina;PE
2797;Arcoverde;PE;68793;415858;16;2601201;0;Araripina;PE;Arcoverde;PE
2798;Barra de Guabiraba;PE;12776;51451;16;2601300;0;Araripina;PE;Barra de Guabiraba;PE
2831;Cedro;PE;10778;46144;16;2604304;0;Araripina;PE;Cedro;PE
2802;Belo Jardim;PE;72432;784639;16;2601706;0;Araripina;PE;Belo Jardim;PE
2803;Bet├ónia;PE;12003;48656;16;2601805;0;Araripina;PE;Bet├ónia;PE
2806;Bom Conselho;PE;45503;310636;16;2602100;0;Araripina;PE;Bom Conselho;PE
2804;Bezerros;PE;58668;337154;16;2601904;0;Araripina;PE;Bezerros;PE
2805;Bodoc├│;PE;35158;167561;16;2602001;0;Araripina;PE;Bodoc├│;PE
2811;Brejo da Madre de Deus;PE;45180;193454;16;2602605;0;Araripina;PE;Brejo da Madre de Deus;PE
2807;Bom Jardim;PE;37826;187373;16;2602209;0;Araripina;PE;Bom Jardim;PE
2809;Brej├úo;PE;8844;55380;16;2602407;0;Araripina;PE;Brej├úo;PE
2810;Brejinho;PE;7307;30283;16;2602506;0;Araripina;PE;Brejinho;PE
2673;Mari;PB;21176;98329;15;2509107;161;Aparecida;PB;Mari;PB
3717;Doutor Severiano;RN;6492;29407;20;2403202;274;├ügua Nova;RN;Doutor Severiano;RN
3761;Major Sales;RN;3536;17665;20;2407252;274;├ügua Nova;RN;Major Sales;RN
2888;Machados;PE;13596;67865;16;2609105;0;Araripina;PE;Machados;PE
2643;Gurinh├®m;PB;13872;62246;15;2506400;161;Aparecida;PB;Gurinh├®m;PB
2716;Quixab├í;PB;1699;9168;15;2512606;161;Aparecida;PB;Quixab├í;PB
3688;Almino Afonso;RN;4871;21464;20;2400604;274;├ügua Nova;RN;Almino Afonso;RN
2740;S├úo Domingos do Cariri;PB;2420;12311;15;2513943;161;Aparecida;PB;S├úo Domingos do Cariri;PB
2808;Bonito;PE;37566;203314;16;2602308;0;Araripina;PE;Bonito;PE
2813;Bu├¡que;PE;52105;272624;16;2602803;0;Araripina;PE;Bu├¡que;PE
2816;Cachoeirinha;PE;18819;103417;16;2603108;0;Araripina;PE;Cachoeirinha;PE
2828;Caruaru;PE;314912;3003634;16;2604106;0;Araripina;PE;Caruaru;PE
2829;Casinhas;PE;13766;67504;16;2604155;0;Araripina;PE;Casinhas;PE
2835;Correntes;PE;17419;80334;16;2604700;0;Araripina;PE;Correntes;PE
2839;Cust├│dia;PE;33855;207616;16;2605103;0;Araripina;PE;Cust├│dia;PE
2837;Cumaru;PE;17183;94205;16;2604908;0;Araripina;PE;Cumaru;PE
2843;Feira Nova;PE;20571;86263;16;2605400;0;Araripina;PE;Feira Nova;PE
2846;Flores;PE;22169;89068;16;2605608;0;Araripina;PE;Flores;PE
2847;Floresta;PE;29285;286209;16;2605707;0;Araripina;PE;Floresta;PE
2848;Frei Miguelinho;PE;14293;60200;16;2605806;0;Araripina;PE;Frei Miguelinho;PE
2850;Garanhuns;PE;129408;1140082;16;2606002;0;Araripina;PE;Garanhuns;PE
2856;Ibimirim;PE;26954;138622;16;2606606;0;Araripina;PE;Ibimirim;PE
2861;Inaj├í;PE;19081;90698;16;2607000;0;Araripina;PE;Inaj├í;PE
2864;Ipubi;PE;28120;139206;16;2607307;0;Araripina;PE;Ipubi;PE
2866;Ita├¡ba;PE;26256;171267;16;2607505;0;Araripina;PE;Ita├¡ba;PE
2868;Itapetim;PE;13881;59350;16;2607703;0;Araripina;PE;Itapetim;PE
2877;Jucati;PE;10604;51840;16;2608255;0;Araripina;PE;Jucati;PE
2878;Jupi;PE;13705;72204;16;2608305;0;Araripina;PE;Jupi;PE
2879;Jurema;PE;14541;64304;16;2608404;0;Araripina;PE;Jurema;PE
2885;Lajedo;PE;36628;194519;16;2608800;0;Araripina;PE;Lajedo;PE
2891;Mirandiba;PE;14308;63997;16;2609303;0;Araripina;PE;Mirandiba;PE
2892;Moreil├óndia;PE;11132;50680;16;2614303;0;Araripina;PE;Moreil├óndia;PE
2886;Limoeiro;PE;55439;324666;16;2608909;0;Araripina;PE;Limoeiro;PE
2889;Manari;PE;18083;68949;16;2609154;0;Araripina;PE;Manari;PE
2896;Orob├│;PE;22878;102259;16;2609709;0;Araripina;PE;Orob├│;PE
2901;Panelas;PE;25645;105295;16;2610202;0;Araripina;PE;Panelas;PE
2898;Ouricuri;PE;64358;308963;16;2609907;0;Araripina;PE;Ouricuri;PE
2900;Palmeirina;PE;8189;41444;16;2610103;0;Araripina;PE;Palmeirina;PE
2902;Paranatama;PE;11001;51518;16;2610301;0;Araripina;PE;Paranatama;PE
2907;Pedra;PE;20944;136273;16;2610806;0;Araripina;PE;Pedra;PE
2903;Parnamirim;PE;20224;103501;16;2610400;0;Araripina;PE;Parnamirim;PE
2904;Passira;PE;28628;128226;16;2610509;0;Araripina;PE;Passira;PE
2906;Paulista;PE;300466;2129675;16;2610707;0;Araripina;PE;Paulista;PB
2908;Pesqueira;PE;62931;345822;16;2610905;0;Araripina;PE;Pesqueira;PE
2917;Riacho das Almas;PE;19162;101073;16;2611705;0;Araripina;PE;Riacho das Almas;PE
2941;S├úo Vicente Ferrer;PE;17000;94852;16;2613800;0;Araripina;PE;S├úo Vicente Ferrer;PE
2911;Po├º├úo;PE;11242;49338;16;2611200;0;Araripina;PE;Po├º├úo;PE
2915;Quixaba;PE;6739;28296;16;2611533;0;Araripina;PE;Quixaba;PE
2920;Sair├®;PE;11240;85263;16;2612000;0;Araripina;PE;Sair├®;PE
2921;Salgadinho;PE;9312;53829;16;2612109;0;Araripina;PE;Salgadinho;PE
2922;Salgueiro;PE;56629;445485;16;2612208;0;Araripina;PE;Salgueiro;PE
2924;Sanhar├│;PE;21955;104564;16;2612406;0;Araripina;PE;Sanhar├│;PE
2925;Santa Cruz;PE;13594;58311;16;2612455;0;Araripina;PE;Santa Cruz;PB
2926;Santa Cruz da Baixa Verde;PE;11768;42117;16;2612471;0;Araripina;PE;Santa Cruz da Baixa Verde;PE
2927;Santa Cruz do Capibaribe;PE;87582;579347;16;2612505;0;Araripina;PE;Santa Cruz do Capibaribe;PE
2930;Santa Maria do Cambuc├í;PE;13021;72692;16;2612703;0;Araripina;PE;Santa Maria do Cambuc├í;PE
2933;S├úo Bento do Una;PE;53242;285254;16;2613008;0;Araripina;PE;S├úo Bento do Una;PE
2934;S├úo Caitano;PE;35274;158228;16;2613107;0;Araripina;PE;S├úo Caitano;PE
2936;S├úo Joaquim do Monte;PE;20488;113549;16;2613305;0;Araripina;PE;S├úo Joaquim do Monte;PE
2938;S├úo Jos├® do Belmonte;PE;32617;141867;16;2613503;0;Araripina;PE;S├úo Jos├® do Belmonte;PE
2939;S├úo Jos├® do Egito;PE;31829;161820;16;2613602;0;Araripina;PE;S├úo Jos├® do Egito;PE
2942;Serra Talhada;PE;79232;708567;16;2613909;0;Araripina;PE;Serra Talhada;PE
2943;Serrita;PE;18331;78261;16;2614006;0;Araripina;PE;Serrita;PE
2944;Sert├ónia;PE;33787;198391;16;2614105;0;Araripina;PE;Sert├ónia;PE
2947;Surubim;PE;58515;357515;16;2614501;0;Araripina;PE;Surubim;PE
2577;Aroeiras;PB;19082;78026;15;2501302;161;Aparecida;PB;Aroeiras;PB
2948;Tabira;PE;26427;113183;16;2614600;0;Araripina;PE;Tabira;PE
2949;Tacaimb├│;PE;12725;55788;16;2614709;0;Araripina;PE;Tacaimb├│;PE
2954;Terra Nova;PE;9278;44352;16;2615201;0;Araripina;PE;Terra Nova;PE
2958;Trindade;PE;26116;141058;16;2615607;0;Araripina;PE;Trindade;PE
2624;Coxixola;PB;1771;10385;15;2504850;161;Aparecida;PB;Coxixola;PB
2674;Mariz├│polis;PB;6173;26786;15;2509156;161;Aparecida;PB;Mariz├│polis;PB
3684;A├ºu;RN;53227;403713;20;2400208;274;├ügua Nova;RN;A├ºu;RN
3685;Afonso Bezerra;RN;10844;46856;20;2400307;274;├ügua Nova;RN;Afonso Bezerra;RN
2780;V├írzea;PB;2504;14940;15;2517100;161;Aparecida;PB;V├írzea;PB
2785;Afogados da Ingazeira;PE;35088;197718;16;2600104;0;Araripina;PE;Afogados da Ingazeira;PE
2960;Tupanatinga;PE;24425;110142;16;2615805;0;Araripina;PE;Tupanatinga;PE
2961;Tuparetama;PE;7925;39625;16;2615904;0;Araripina;PE;Tuparetama;PE
3700;Bod├│;RN;2425;18254;20;2401651;274;├ügua Nova;RN;Bod├│;RN
2963;Verdejante;PE;9142;40864;16;2616100;0;Araripina;PE;Verdejante;PE
3704;Cai├ºara do Rio do Vento;RN;3308;19721;20;2401909;274;├ügua Nova;RN;Cai├ºara do Rio do Vento;RN
3683;Acari;RN;11035;69464;20;2400109;274;├ügua Nova;RN;Acari;RN
2964;Vertente do L├®rio;PE;7873;63383;16;2616183;0;Araripina;PE;Vertente do L├®rio;PE
2965;Vertentes;PE;18222;94956;16;2616209;0;Araripina;PE;Vertentes;PE
3686;├ügua Nova;RN;2980;15224;20;2400406;274;├ügua Nova;RN;├ügua Nova;RN
3795;Rafael Fernandes;RN;4692;25836;20;2410504;274;├ügua Nova;RN;Rafael Fernandes;RN
716;Jati;CE;7660;30035;6;2307205;39;Abaiara;CE;Jati;CE
3743;Jardim de Piranhas;RN;13506;76714;20;2405603;274;├ügua Nova;RN;Jardim de Piranhas;RN
3758;Lu├¡s Gomes;RN;9610;44571;20;2407005;274;├ügua Nova;RN;Lu├¡s Gomes;RN
757;Penaforte;CE;8226;44004;6;2310605;39;Abaiara;CE;Penaforte;CE
3789;Pil├Áes;RN;3453;19292;20;2410009;274;├ügua Nova;RN;Pil├Áes;RN
718;Juazeiro do Norte;CE;249939;1959969;6;2307304;39;Abaiara;CE;Juazeiro do Norte;CE
723;Maracana├║;CE;209057;4100336;6;2307650;39;Abaiara;CE;Maracana├║;CE
650;Brejo Santo;CE;45193;239566;6;2302503;39;Abaiara;CE;Brejo Santo;CE
642;Barbalha;CE;55323;454410;6;2301901;39;Abaiara;CE;Barbalha;CE
631;Aquiraz;CE;72628;682571;6;2301000;39;Abaiara;CE;Aquiraz;CE
632;Aracati;CE;69159;560865;6;2301109;39;Abaiara;CE;Aracati;CE
639;Aurora;CE;24566;98163;6;2301703;39;Abaiara;CE;Aurora;CE
640;Baixio;CE;6026;25021;6;2301802;39;Abaiara;CE;Baixio;CE
644;Barro;CE;21514;88488;6;2302008;39;Abaiara;CE;Barro;CE
647;Beberibe;CE;49311;252153;6;2302206;39;Abaiara;CE;Beberibe;CE
664;Cedro;CE;24527;106408;6;2303808;39;Abaiara;CE;Cedro;PE
678;Fortaleza;CE;2452185;37106309;6;2304400;39;Abaiara;CE;Fortaleza;CE
657;Cariria├ºu;CE;26393;95077;6;2303204;39;Abaiara;CE;Cariria├ºu;CE
679;Fortim;CE;14817;78141;6;2304459;39;Abaiara;CE;Fortim;CE
660;Cascavel;CE;66142;447137;6;2303501;39;Abaiara;CE;Cascavel;CE
663;Caucaia;CE;325441;2597520;6;2303709;39;Abaiara;CE;Caucaia;CE
675;Eus├®bio;CE;46033;1271649;6;2304285;39;Abaiara;CE;Eus├®bio;CE
670;Crato;CE;121428;846429;6;2304202;39;Abaiara;CE;Crato;CE
667;Chorozinho;CE;18915;90323;6;2303956;39;Abaiara;CE;Chorozinho;CE
684;Granjeiro;CE;4629;19560;6;2304806;39;Abaiara;CE;Granjeiro;CE
686;Guai├║ba;CE;24091;100646;6;2304954;39;Abaiara;CE;Guai├║ba;CE
694;Icapu├¡;CE;18392;191557;6;2305357;39;Abaiara;CE;Icapu├¡;CE
730;Milagres;CE;28316;116869;6;2308302;39;Abaiara;CE;Milagres;CE
699;Ipaumirim;CE;12009;50180;6;2305704;39;Abaiara;CE;Ipaumirim;CE
695;Ic├│;CE;65456;287336;6;2305407;39;Abaiara;CE;Ic├│;CE
715;Jardim;CE;26688;102759;6;2307106;39;Abaiara;CE;Jardim;CE
711;Jaguaretama;CE;17863;90615;6;2306702;39;Abaiara;CE;Jaguaretama;CE
704;Itai├ºaba;CE;7316;35175;6;2306207;39;Abaiara;CE;Itai├ºaba;CE
705;Itaitinga;CE;35817;183012;6;2306256;39;Abaiara;CE;Itaitinga;CE
712;Jaguaribara;CE;10399;58002;6;2306801;39;Abaiara;CE;Jaguaribara;CE
713;Jaguaribe;CE;34409;223809;6;2306900;39;Abaiara;CE;Jaguaribe;CE
733;Miss├úo Velha;CE;34274;151710;6;2308401;39;Abaiara;CE;Miss├úo Velha;CE
720;Lavras da Mangabeira;CE;31090;120970;6;2307502;39;Abaiara;CE;Lavras da Mangabeira;CE
721;Limoeiro do Norte;CE;56264;402180;6;2307601;39;Abaiara;CE;Limoeiro do Norte;CE
724;Maranguape;CE;113561;753273;6;2307700;39;Abaiara;CE;Maranguape;CE
728;Mauriti;CE;44240;176512;6;2308104;39;Abaiara;CE;Mauriti;CE
736;Morada Nova;CE;62065;383023;6;2308708;39;Abaiara;CE;Morada Nova;CE
744;Ocara;CE;24007;84802;6;2309458;39;Abaiara;CE;Ocara;CE
746;Pacajus;CE;61838;514524;6;2309607;39;Abaiara;CE;Pacajus;CE
747;Pacatuba;CE;72299;554878;6;2309706;39;Abaiara;CE;Pacatuba;CE
750;Palhano;CE;8866;46890;6;2310001;39;Abaiara;CE;Palhano;CE
764;Porteiras;CE;15061;59399;6;2311108;39;Abaiara;CE;Porteiras;CE
774;Russas;CE;69833;555646;6;2311801;39;Abaiara;CE;Russas;CE
771;Quixer├®;CE;19412;776829;6;2311504;39;Abaiara;CE;Quixer├®;CE
782;S├úo Jo├úo do Jaguaribe;CE;7900;41946;6;2312502;39;Abaiara;CE;S├úo Jo├úo do Jaguaribe;CE
781;S├úo Gon├ºalo do Amarante;CE;43890;1117611;6;2312403;39;Abaiara;CE;S├úo Gon├ºalo do Amarante;CE
788;Tabuleiro do Norte;CE;29204;170464;6;2313104;39;Abaiara;CE;Tabuleiro do Norte;CE
797;Umari;CE;7545;29244;6;2313708;39;Abaiara;CE;Umari;CE
802;V├írzea Alegre;CE;38434;161977;6;2314003;39;Abaiara;CE;V├írzea Alegre;CE
760;Pindoretama;CE;18683;90237;6;2310852;39;Abaiara;CE;Pindoretama;CE
3778;Parelhas;RN;20354;128053;20;2408904;274;├ügua Nova;RN;Parelhas;RN
3779;Parnamirim;RN;202456;2350562;20;2403251;274;├ügua Nova;RN;Parnamirim;PE
3781;Passagem;RN;2895;16133;20;2409209;274;├ügua Nova;RN;Passagem;PB
3782;Patu;RN;11964;59390;20;2409308;274;├ügua Nova;RN;Patu;RN
3783;Pau dos Ferros;RN;27745;225508;20;2409407;274;├ügua Nova;RN;Pau dos Ferros;RN
3785;Pedra Preta;RN;2590;14421;20;2409605;274;├ügua Nova;RN;Pedra Preta;RN
3786;Pedro Avelino;RN;7171;37690;20;2409704;274;├ügua Nova;RN;Pedro Avelino;RN
3788;Pend├¬ncias;RN;13432;142977;20;2409902;274;├ügua Nova;RN;Pend├¬ncias;RN
2946;Solid├úo;PE;5744;25225;16;2614402;0;Araripina;PE;Solid├úo;PE
3791;Portalegre;RN;7320;33893;20;2410207;274;├ügua Nova;RN;Portalegre;RN
2790;Alagoinha;PE;13759;63413;16;2600609;0;Araripina;PE;Alagoinha;PE
3796;Rafael Godeiro;RN;3063;15905;20;2410603;274;├ügua Nova;RN;Rafael Godeiro;RN
2584;Barra de S├úo Miguel;PB;5611;26724;15;2501708;161;Aparecida;PB;Barra de S├úo Miguel;PB
3797;Riacho da Cruz;RN;3165;15014;20;2410702;274;├ügua Nova;RN;Riacho da Cruz;RN
3798;Riacho de Santana;RN;4156;22592;20;2410801;274;├ügua Nova;RN;Riacho de Santana;RN
3801;Rodolfo Fernandes;RN;4418;20752;20;2411007;274;├ügua Nova;RN;Rodolfo Fernandes;RN
3803;Santa Cruz;RN;35797;191332;20;2411205;274;├ügua Nova;RN;Santa Cruz;PB
2772;Sum├®;PB;16060;78869;15;2516300;161;Aparecida;PB;Sum├®;PB
2582;Barra de Santana;PB;8206;35667;15;2501575;161;Aparecida;PB;Barra de Santana;PB
2585;Bayeux;PB;99716;698617;15;2501807;161;Aparecida;PB;Bayeux;PB
2587;Bel├®m do Brejo do Cruz;PB;7143;30877;15;2502003;161;Aparecida;PB;Bel├®m do Brejo do Cruz;PB
2773;Tapero├í;PB;14936;65410;15;2516508;161;Aparecida;PB;Tapero├í;PB
2588;Bernardino Batista;PB;3075;13243;15;2502052;161;Aparecida;PB;Bernardino Batista;PB
3816;S├úo Jos├® do Serid├│;RN;4231;32131;20;2412401;274;├ügua Nova;RN;S├úo Jos├® do Serid├│;RN
3817;S├úo Miguel;RN;22157;112001;20;2412500;274;├ügua Nova;RN;S├úo Miguel;RN
2776;Ten├│rio;PB;2813;13907;15;2516755;161;Aparecida;PB;Ten├│rio;PB
2777;Triunfo;PB;9220;38459;15;2516805;161;Aparecida;PB;Triunfo;PE
2610;Campina Grande;PB;385213;4336824;15;2504009;161;Aparecida;PB;Campina Grande;PB
3806;Santana do Serid├│;RN;2526;17293;20;2411429;274;├ügua Nova;RN;Santana do Serid├│;RN
3821;S├úo Rafael;RN;8111;43984;20;2412807;274;├ügua Nova;RN;S├úo Rafael;RN
2956;Toritama;PE;35554;222209;16;2615409;0;Araripina;PE;Toritama;PE
2602;Cacimba de Areia;PB;3557;16503;15;2503407;161;Aparecida;PB;Cacimba de Areia;PB
2613;Cara├║bas;PB;3899;20101;15;2504074;161;Aparecida;PB;Cara├║bas;PB
2614;Carrapateira;PB;2378;12171;15;2504108;161;Aparecida;PB;Carrapateira;PB
2617;Catol├® do Rocha;PB;28759;162776;15;2504306;161;Aparecida;PB;Catol├® do Rocha;PB
2778;Uira├║na;PB;14584;74993;15;2516904;161;Aparecida;PB;Uira├║na;PB
